id,firstname,lastname,email,profession,birth_date
1,Cathie,Delila,Cathie@gmail.com,Doctor,1982-08-06
2,Tori,Lanita,Tori@gmail.com,Worker,2014-04-24
3,Vanessa,Lattie,Vanessa@gmail.com,Police officer,1954-11-04
4,Elora,Cynar,Elora@gmail.com,Police officer,1984-02-22
5,Elmira,Stephie,Elmira@gmail.com,Firefighter,1950-11-16
6,Chandra,Genna,Chandra@gmail.com,Police officer,1954-09-01
7,Nataline,Trey,Nataline@gmail.com,Developer,1967-09-03
8,Agathe,Ariella,Agathe@gmail.com,Firefighter,2014-05-10
9,Sean,Dudley,Sean@gmail.com,Police officer,1978-09-13
10,Lorne,Cullin,Lorne@gmail.com,Developer,2014-07-27
11,Mureil,Love,Mureil@gmail.com,Developer,1998-09-26
12,Karena,Pillsbury,Karena@gmail.com,Worker,1996-06-17
13,Noelle,Carleen,Noelle@gmail.com,Doctor,1969-08-27
14,Zondra,Gower,Zondra@gmail.com,Firefighter,1988-03-05
15,Joeann,Riva,Joeann@gmail.com,Developer,1978-08-04
16,Darlleen,Peg,Darlleen@gmail.com,Police officer,1987-07-29
17,Kaja,Tamsky,Kaja@gmail.com,Doctor,1952-03-12
18,Charlena,Hathaway,Charlena@gmail.com,Developer,1958-03-27
19,Reeba,Santoro,Reeba@gmail.com,Police officer,1969-01-01
20,Benita,Nikaniki,Benita@gmail.com,Firefighter,1994-02-01
21,Nananne,Rona,Nananne@gmail.com,Doctor,2004-05-05
22,Libbie,Lenny,Libbie@gmail.com,Worker,1963-03-08
23,Kimberley,Bord,Kimberley@gmail.com,Doctor,1964-10-13
24,Justinn,Billye,Justinn@gmail.com,Worker,1989-11-02
25,Dulcinea,Chobot,Dulcinea@gmail.com,Developer,1954-05-25
26,Elfreda,Velick,Elfreda@gmail.com,Police officer,2015-01-08
27,Ivett,Goth,Ivett@gmail.com,Doctor,1983-11-16
28,Daune,Newell,Daune@gmail.com,Firefighter,1968-05-24
29,Allyce,Kiyoshi,Allyce@gmail.com,Firefighter,2000-08-30
30,Gretal,Isidore,Gretal@gmail.com,Police officer,2009-01-28
31,Chere,Allare,Chere@gmail.com,Doctor,1951-11-03
32,Livvyy,Nunci,Livvyy@gmail.com,Worker,1992-07-01
33,Genevra,Olympium,Genevra@gmail.com,Firefighter,2017-10-28
34,Eve,Bethany,Eve@gmail.com,Doctor,1986-03-08
35,Cam,Engdahl,Cam@gmail.com,Worker,1954-10-01
36,Benita,Naashom,Benita@gmail.com,Doctor,2009-02-12
37,Wilma,My,Wilma@gmail.com,Police officer,2013-11-10
38,Amelia,Peti,Amelia@gmail.com,Police officer,1999-09-10
39,Nerta,Pip,Nerta@gmail.com,Police officer,1999-09-19
40,Keelia,Adalbert,Keelia@gmail.com,Developer,1998-10-03
41,Dawn,Luhe,Dawn@gmail.com,Firefighter,2015-02-26
42,Kristan,Rossner,Kristan@gmail.com,Developer,2009-04-16
43,Adele,Thema,Adele@gmail.com,Police officer,1969-08-13
44,Oona,Iiette,Oona@gmail.com,Doctor,1998-11-11
45,Dede,Aldric,Dede@gmail.com,Firefighter,2002-05-17
46,Talya,Destinee,Talya@gmail.com,Worker,1979-08-23
47,Elena,Berriman,Elena@gmail.com,Police officer,1998-04-07
48,Harrietta,Yate,Harrietta@gmail.com,Police officer,1961-01-18
49,Paola,Hewitt,Paola@gmail.com,Worker,1992-03-31
50,Lesly,Morgun,Lesly@gmail.com,Developer,1996-01-17
51,Anica,Agle,Anica@gmail.com,Firefighter,1970-10-28
52,Inga,Jenness,Inga@gmail.com,Police officer,1998-03-03
53,Daphne,Kristi,Daphne@gmail.com,Police officer,1992-07-04
54,Bee,Edee,Bee@gmail.com,Police officer,1960-04-29
55,Karina,Berriman,Karina@gmail.com,Worker,1984-02-16
56,Magdalena,Ochs,Magdalena@gmail.com,Police officer,2012-11-16
57,Harmonia,Nahum,Harmonia@gmail.com,Doctor,1956-03-25
58,Ardeen,Glovsky,Ardeen@gmail.com,Worker,1965-11-02
59,Laurene,Dichy,Laurene@gmail.com,Firefighter,1978-04-21
60,Ericka,Hathaway,Ericka@gmail.com,Developer,1986-08-07
61,Antonietta,Evvie,Antonietta@gmail.com,Worker,2003-12-16
62,Madeleine,Granoff,Madeleine@gmail.com,Developer,1997-02-18
63,Dania,Wittie,Dania@gmail.com,Police officer,2004-12-30
64,Jany,Hanleigh,Jany@gmail.com,Doctor,2000-05-29
65,Charlena,Erminia,Charlena@gmail.com,Firefighter,1955-07-22
66,Meg,Campball,Meg@gmail.com,Doctor,1986-03-16
67,Giustina,Billye,Giustina@gmail.com,Police officer,2014-02-12
68,Margette,Vharat,Margette@gmail.com,Police officer,1994-05-18
69,Lily,Killigrew,Lily@gmail.com,Police officer,1992-07-12
70,Kirstin,Malvino,Kirstin@gmail.com,Doctor,1964-05-30
71,Brooks,Therine,Brooks@gmail.com,Doctor,1988-12-22
72,Viki,Aprile,Viki@gmail.com,Developer,2014-06-29
73,Nessie,Knowling,Nessie@gmail.com,Developer,2003-12-28
74,Vere,Jotham,Vere@gmail.com,Worker,1987-07-29
75,Leeanne,Cornelia,Leeanne@gmail.com,Worker,1968-07-29
76,Fanny,Audly,Fanny@gmail.com,Police officer,2019-07-10
77,Raf,Olympium,Raf@gmail.com,Police officer,1962-01-24
78,Rani,Georas,Rani@gmail.com,Worker,1975-12-11
79,Kristina,Syd,Kristina@gmail.com,Police officer,2005-07-06
80,Britte,Wesle,Britte@gmail.com,Worker,1976-09-12
81,Karly,Edee,Karly@gmail.com,Doctor,1969-12-12
82,Zia,Mayeda,Zia@gmail.com,Firefighter,1952-10-20
83,Meriel,Haymes,Meriel@gmail.com,Worker,1972-05-09
84,Vivia,Publia,Vivia@gmail.com,Doctor,1959-07-24
85,Agathe,Tomasina,Agathe@gmail.com,Firefighter,1996-08-26
86,Stacey,Letsou,Stacey@gmail.com,Developer,1954-06-28
87,Ermengarde,Mozelle,Ermengarde@gmail.com,Worker,1978-04-07
88,Suzette,Millda,Suzette@gmail.com,Police officer,1988-10-16
89,Mignon,Giff,Mignon@gmail.com,Worker,2014-12-18
90,Sherrie,Adrienne,Sherrie@gmail.com,Firefighter,1967-10-22
91,Belinda,Euridice,Belinda@gmail.com,Developer,2004-03-28
92,Mildrid,Tannie,Mildrid@gmail.com,Firefighter,1952-05-16
93,Glynnis,Lesley,Glynnis@gmail.com,Doctor,2007-09-01
94,Layla,Camden,Layla@gmail.com,Police officer,2001-07-05
95,Priscilla,Clywd,Priscilla@gmail.com,Police officer,2011-06-22
96,Vere,Oriana,Vere@gmail.com,Doctor,1985-05-04
97,Vevay,Fax,Vevay@gmail.com,Doctor,2019-08-14
98,Petronia,Elephus,Petronia@gmail.com,Police officer,1985-10-08
99,Goldie,Mintz,Goldie@gmail.com,Worker,1985-04-16
100,Elka,Casimir,Elka@gmail.com,Developer,1951-04-06
101,Caressa,Schroth,Caressa@gmail.com,Developer,1969-10-21
102,Dianemarie,Swanhildas,Dianemarie@gmail.com,Firefighter,1985-12-20
103,Adriana,Destinee,Adriana@gmail.com,Doctor,1950-08-17
104,Candy,Hurley,Candy@gmail.com,Worker,1983-12-30
105,Raf,Chesna,Raf@gmail.com,Developer,1990-07-05
106,Dorene,Faria,Dorene@gmail.com,Doctor,1992-11-16
107,Taffy,Concha,Taffy@gmail.com,Police officer,2015-07-08
108,Addia,Egbert,Addia@gmail.com,Worker,1950-11-15
109,Constance,Bartlett,Constance@gmail.com,Doctor,1957-02-11
110,Lauryn,Stanwood,Lauryn@gmail.com,Developer,1984-08-20
111,Claresta,Avi,Claresta@gmail.com,Worker,1990-07-22
112,Grier,Mike,Grier@gmail.com,Firefighter,2010-05-04
113,Robbi,Dudley,Robbi@gmail.com,Worker,1962-10-22
114,Anallese,Tomasina,Anallese@gmail.com,Firefighter,2010-09-30
115,Adriana,Elsinore,Adriana@gmail.com,Developer,1952-01-10
116,Valeda,Travax,Valeda@gmail.com,Developer,1978-11-30
117,Barbi,Celestine,Barbi@gmail.com,Developer,2008-05-03
118,Tracey,Penelopa,Tracey@gmail.com,Police officer,1981-03-31
119,Sallie,Croix,Sallie@gmail.com,Doctor,1995-10-12
120,Ivett,Clara,Ivett@gmail.com,Worker,2001-07-04
121,Bertine,Regan,Bertine@gmail.com,Worker,2019-04-13
122,Andeee,Karna,Andeee@gmail.com,Firefighter,1951-12-21
123,Carlie,Maisey,Carlie@gmail.com,Firefighter,1996-01-15
124,Loree,Ellerey,Loree@gmail.com,Doctor,1953-04-02
125,Aigneis,Jena,Aigneis@gmail.com,Doctor,2011-07-02
126,Neila,Wiener,Neila@gmail.com,Worker,2004-06-02
127,Hayley,Boycey,Hayley@gmail.com,Doctor,1994-07-17
128,Jillayne,Masao,Jillayne@gmail.com,Doctor,1971-12-27
129,Yvonne,Havens,Yvonne@gmail.com,Firefighter,1974-03-23
130,Marti,Johanna,Marti@gmail.com,Doctor,1985-01-24
131,Amalie,Middleton,Amalie@gmail.com,Developer,1953-12-06
132,Jorry,Nester,Jorry@gmail.com,Worker,1993-03-31
133,Giustina,Morrill,Giustina@gmail.com,Doctor,1984-01-21
134,Daryl,Mata,Daryl@gmail.com,Police officer,1963-10-03
135,Pearline,Wiener,Pearline@gmail.com,Doctor,1959-09-21
136,Adelle,Gordon,Adelle@gmail.com,Doctor,1964-11-01
137,Genovera,Anis,Genovera@gmail.com,Worker,2005-09-18
138,Quintina,Vanni,Quintina@gmail.com,Doctor,1968-02-08
139,Donnie,Harriman,Donnie@gmail.com,Police officer,2012-03-24
140,Gwenneth,Zitvaa,Gwenneth@gmail.com,Firefighter,2015-07-08
141,Heida,Atcliffe,Heida@gmail.com,Worker,1994-07-31
142,Misha,Georas,Misha@gmail.com,Firefighter,1971-01-31
143,Oralee,Fabiola,Oralee@gmail.com,Worker,1970-06-14
144,Albertina,Boycey,Albertina@gmail.com,Police officer,2012-05-26
145,Moyna,Beniamino,Moyna@gmail.com,Developer,1980-05-01
146,Mary,Jalbert,Mary@gmail.com,Developer,2015-05-19
147,Camile,Capello,Camile@gmail.com,Developer,2017-11-02
148,Leanna,Kamaria,Leanna@gmail.com,Police officer,2018-07-15
149,Alejandra,Arne,Alejandra@gmail.com,Developer,1995-08-12
150,Imojean,Penelopa,Imojean@gmail.com,Worker,1984-10-16
151,Adore,Jammal,Adore@gmail.com,Doctor,2002-09-27
152,Lolita,Lacombe,Lolita@gmail.com,Doctor,1968-02-21
153,Hyacinthe,Afton,Hyacinthe@gmail.com,Developer,2004-05-05
154,Asia,Strephon,Asia@gmail.com,Worker,1952-05-14
155,Susan,Tristram,Susan@gmail.com,Firefighter,1952-06-11
156,Ileana,Wind,Ileana@gmail.com,Worker,1965-10-01
157,Gloria,Berard,Gloria@gmail.com,Police officer,2005-04-11
158,Roslyn,Creamer,Roslyn@gmail.com,Police officer,1995-02-18
159,Merci,Magnolia,Merci@gmail.com,Worker,1968-10-06
160,Tarra,Berne,Tarra@gmail.com,Developer,1969-03-14
161,Roberta,Haymes,Roberta@gmail.com,Police officer,2006-12-22
162,Nickie,Myrilla,Nickie@gmail.com,Developer,1950-06-05
163,Flory,Schroth,Flory@gmail.com,Doctor,2006-08-22
164,Cissiee,Kronfeld,Cissiee@gmail.com,Firefighter,1968-03-12
165,Ericka,Mozelle,Ericka@gmail.com,Firefighter,1969-08-26
166,Adele,Alrich,Adele@gmail.com,Police officer,1990-06-21
167,Inga,Ramona,Inga@gmail.com,Firefighter,2019-07-20
168,Shaine,Arley,Shaine@gmail.com,Doctor,1989-01-12
169,Alleen,Jaylene,Alleen@gmail.com,Police officer,1987-11-22
170,Amalie,Blake,Amalie@gmail.com,Doctor,1967-09-23
171,Elvira,Morrill,Elvira@gmail.com,Worker,1998-04-01
172,Aili,Noam,Aili@gmail.com,Worker,1982-08-07
173,Lynde,Lesley,Lynde@gmail.com,Doctor,1992-12-07
174,Collen,Nahum,Collen@gmail.com,Developer,1985-06-12
175,Layla,Poll,Layla@gmail.com,Doctor,1986-02-16
176,Kimmy,Ader,Kimmy@gmail.com,Doctor,2001-12-03
177,Cyndie,Cassius,Cyndie@gmail.com,Doctor,1983-08-18
178,Olwen,Hurley,Olwen@gmail.com,Developer,1991-08-08
179,Elmira,Colp,Elmira@gmail.com,Developer,1982-12-11
180,Roseline,Nore,Roseline@gmail.com,Firefighter,1968-06-28
181,Chere,Bluh,Chere@gmail.com,Developer,1962-05-28
182,Layla,Germann,Layla@gmail.com,Police officer,1969-05-15
183,Theodora,Afton,Theodora@gmail.com,Worker,1954-07-18
184,Jacquetta,Weinreb,Jacquetta@gmail.com,Doctor,1959-09-24
185,Paola,Torray,Paola@gmail.com,Developer,1956-01-06
186,Nananne,Eldrid,Nananne@gmail.com,Firefighter,1997-11-20
187,Clary,Stoller,Clary@gmail.com,Developer,2006-08-22
188,Calla,Buckler,Calla@gmail.com,Worker,1980-04-29
189,Benita,Zaslow,Benita@gmail.com,Firefighter,2003-02-08
190,Helsa,Bertold,Helsa@gmail.com,Developer,2016-07-23
191,Averyl,Havens,Averyl@gmail.com,Developer,2006-10-24
192,Charlena,Newell,Charlena@gmail.com,Police officer,1954-05-01
193,Lila,Estella,Lila@gmail.com,Worker,1978-10-14
194,Adelle,Hedve,Adelle@gmail.com,Police officer,1988-07-04
195,Kelly,Greyson,Kelly@gmail.com,Worker,1998-06-15
196,Nita,Girardo,Nita@gmail.com,Firefighter,1970-11-25
197,Bernie,Jillane,Bernie@gmail.com,Worker,1974-01-29
198,Charissa,Hunfredo,Charissa@gmail.com,Developer,1996-10-30
199,Deedee,Beebe,Deedee@gmail.com,Doctor,1953-09-12
200,Mahalia,Ehrman,Mahalia@gmail.com,Police officer,1951-10-29
201,Dorthy,Philoo,Dorthy@gmail.com,Police officer,2004-09-27
202,Robinia,Tippets,Robinia@gmail.com,Doctor,2013-09-23
203,Mamie,Amadas,Mamie@gmail.com,Police officer,1964-11-19
204,Tarra,Argus,Tarra@gmail.com,Firefighter,1996-06-17
205,Teddie,Fancie,Teddie@gmail.com,Firefighter,1973-09-08
206,Daphne,Faro,Daphne@gmail.com,Police officer,1951-09-07
207,Ebonee,Daniele,Ebonee@gmail.com,Firefighter,1970-04-16
208,Verla,Baudin,Verla@gmail.com,Worker,1995-03-06
209,Susette,Greyson,Susette@gmail.com,Developer,1961-04-24
210,Dari,Pyle,Dari@gmail.com,Firefighter,1956-08-07
211,Nannie,Drus,Nannie@gmail.com,Doctor,1959-02-14
212,Robinia,Skell,Robinia@gmail.com,Firefighter,1991-01-27
213,Dania,Kesley,Dania@gmail.com,Doctor,1966-08-03
214,Florencia,Judye,Florencia@gmail.com,Doctor,1963-09-08
215,Corly,Turne,Corly@gmail.com,Worker,1951-01-03
216,Stephanie,Papageno,Stephanie@gmail.com,Worker,2004-12-24
217,Maud,Carleen,Maud@gmail.com,Developer,1971-04-21
218,Oona,Sherfield,Oona@gmail.com,Firefighter,1997-01-08
219,Bettine,Kesley,Bettine@gmail.com,Firefighter,1976-02-16
220,Shandie,Sikorski,Shandie@gmail.com,Firefighter,2014-03-13
221,Gwyneth,Cassius,Gwyneth@gmail.com,Developer,2019-07-11
222,Kara-Lynn,Colleen,Kara-Lynn@gmail.com,Worker,2011-07-17
223,Jenda,Kathie,Jenda@gmail.com,Worker,1987-10-13
224,Melodie,Zamora,Melodie@gmail.com,Worker,1996-04-07
225,Morganica,Larochelle,Morganica@gmail.com,Developer,1969-05-16
226,Augustine,Darbie,Augustine@gmail.com,Doctor,1976-11-07
227,Sandie,Birdella,Sandie@gmail.com,Worker,1955-04-21
228,Cissiee,Cath,Cissiee@gmail.com,Firefighter,1981-07-21
229,Ilse,Bertold,Ilse@gmail.com,Worker,1980-06-11
230,Mellicent,Johanna,Mellicent@gmail.com,Worker,1998-11-08
231,Binny,Japeth,Binny@gmail.com,Firefighter,2007-11-20
232,Rozele,Lia,Rozele@gmail.com,Firefighter,1975-01-26
233,Judy,Rebecka,Judy@gmail.com,Police officer,1996-05-12
234,Dulce,Dimitris,Dulce@gmail.com,Developer,2002-11-15
235,Roxane,Berriman,Roxane@gmail.com,Police officer,1979-06-12
236,Pamella,Killigrew,Pamella@gmail.com,Doctor,1957-11-04
237,Sissy,Ferrell,Sissy@gmail.com,Developer,1999-12-30
238,Tomasina,Delacourt,Tomasina@gmail.com,Worker,1952-09-26
239,Dyann,Huggins,Dyann@gmail.com,Worker,1981-01-18
240,Anestassia,Hepsibah,Anestassia@gmail.com,Developer,2005-11-08
241,Ekaterina,Cullin,Ekaterina@gmail.com,Worker,1989-07-20
242,Tina,Goldina,Tina@gmail.com,Developer,1977-01-11
243,Orelia,Junie,Orelia@gmail.com,Doctor,1974-08-22
244,Netty,Latini,Netty@gmail.com,Developer,1999-09-16
245,Sheree,Mintz,Sheree@gmail.com,Doctor,1995-12-25
246,Jasmina,Gaynor,Jasmina@gmail.com,Developer,2003-10-23
247,Leontine,Sinegold,Leontine@gmail.com,Doctor,1996-02-06
248,Dagmar,Lail,Dagmar@gmail.com,Doctor,1954-08-22
249,Trudie,Wiener,Trudie@gmail.com,Doctor,2000-02-09
250,Alisha,Gerge,Alisha@gmail.com,Police officer,1953-11-09
251,Cassondra,Artie,Cassondra@gmail.com,Firefighter,1983-08-17
252,Xylina,Cullin,Xylina@gmail.com,Doctor,1976-01-26
253,Gaylene,Jary,Gaylene@gmail.com,Firefighter,1978-12-04
254,Kaia,Yam,Kaia@gmail.com,Worker,1998-09-24
255,Ursulina,Abram,Ursulina@gmail.com,Worker,1963-05-22
256,Elsie,Lalitta,Elsie@gmail.com,Police officer,2008-06-26
257,Delilah,Iaverne,Delilah@gmail.com,Worker,1965-04-21
258,Mara,Gabrielli,Mara@gmail.com,Worker,1986-09-03
259,Genovera,Marden,Genovera@gmail.com,Firefighter,1985-11-05
260,Shaine,Japeth,Shaine@gmail.com,Worker,1966-11-09
261,Charissa,Penelopa,Charissa@gmail.com,Doctor,1991-03-28
262,Lusa,Lamoree,Lusa@gmail.com,Firefighter,1997-12-07
263,Etta,Sawtelle,Etta@gmail.com,Doctor,2009-11-20
264,Atlanta,Milde,Atlanta@gmail.com,Developer,2010-10-10
265,Lucille,Lipson,Lucille@gmail.com,Worker,2006-06-30
266,Jan,Mintz,Jan@gmail.com,Developer,1964-05-04
267,Aigneis,Imelida,Aigneis@gmail.com,Firefighter,1950-05-15
268,Amara,Keily,Amara@gmail.com,Firefighter,2013-06-16
269,Elsie,Rogerio,Elsie@gmail.com,Worker,1986-02-02
270,Tomasina,Etom,Tomasina@gmail.com,Doctor,1956-06-25
271,Lyssa,Carleen,Lyssa@gmail.com,Doctor,1972-12-21
272,Elfreda,Lasley,Elfreda@gmail.com,Worker,1976-10-20
273,Gwyneth,Swigart,Gwyneth@gmail.com,Firefighter,1990-07-14
274,Bertine,Tomasina,Bertine@gmail.com,Police officer,1992-10-25
275,Jasmina,Arvo,Jasmina@gmail.com,Police officer,1987-07-28
276,Hannis,Abernon,Hannis@gmail.com,Firefighter,1958-01-15
277,Yvonne,Neva,Yvonne@gmail.com,Firefighter,1992-09-21
278,Mathilda,Persse,Mathilda@gmail.com,Doctor,1993-06-27
279,Violet,Taam,Violet@gmail.com,Developer,1972-08-24
280,Teddie,Anselmi,Teddie@gmail.com,Police officer,2004-07-07
281,Kathy,Nickola,Kathy@gmail.com,Police officer,1971-07-04
282,Evaleen,Kevon,Evaleen@gmail.com,Police officer,1987-08-03
283,Ethel,Zetta,Ethel@gmail.com,Doctor,1979-02-26
284,Lonnie,Dyche,Lonnie@gmail.com,Firefighter,1955-02-07
285,Karly,Bach,Karly@gmail.com,Worker,2018-12-03
286,Carilyn,Concha,Carilyn@gmail.com,Police officer,1971-04-12
287,Evaleen,Mehalek,Evaleen@gmail.com,Police officer,1988-12-29
288,Annora,Erlandson,Annora@gmail.com,Worker,1997-08-05
289,Jorry,Timon,Jorry@gmail.com,Police officer,2005-08-10
290,Oona,Roumell,Oona@gmail.com,Worker,1952-09-14
291,Alameda,Halsey,Alameda@gmail.com,Developer,1973-07-12
292,Aurelie,Rugen,Aurelie@gmail.com,Worker,1995-01-30
293,Ardys,Magdalen,Ardys@gmail.com,Doctor,1965-08-21
294,Hope,Alwin,Hope@gmail.com,Developer,1953-12-02
295,Ketti,Persse,Ketti@gmail.com,Worker,2012-01-08
296,Brianna,Georas,Brianna@gmail.com,Firefighter,1953-04-13
297,Gwenneth,Valoniah,Gwenneth@gmail.com,Developer,1996-04-28
298,Angelique,Kenney,Angelique@gmail.com,Doctor,1971-10-28
299,Blondelle,Cyrie,Blondelle@gmail.com,Doctor,2019-07-06
300,Andree,Dermott,Andree@gmail.com,Firefighter,2004-07-14
301,Wynne,Ball,Wynne@gmail.com,Developer,1999-06-01
302,Gavrielle,Cottle,Gavrielle@gmail.com,Doctor,1968-03-28
303,Evita,Ball,Evita@gmail.com,Police officer,2004-08-20
304,Lyssa,Miru,Lyssa@gmail.com,Doctor,1969-12-01
305,Collen,Penelopa,Collen@gmail.com,Worker,1962-01-20
306,Liana,Si,Liana@gmail.com,Doctor,1963-11-14
307,Rubie,Swigart,Rubie@gmail.com,Police officer,1956-11-09
308,Mireielle,Berriman,Mireielle@gmail.com,Doctor,2018-11-24
309,Beverley,Tybald,Beverley@gmail.com,Firefighter,1955-04-04
310,Magdalena,Oscar,Magdalena@gmail.com,Worker,2004-12-03
311,Dennie,Danby,Dennie@gmail.com,Firefighter,1993-07-05
312,Dawn,Ricarda,Dawn@gmail.com,Doctor,1963-05-31
313,Carol-Jean,Pierette,Carol-Jean@gmail.com,Doctor,1956-02-13
314,Margette,Jaylene,Margette@gmail.com,Worker,1950-03-15
315,Zondra,Gwenore,Zondra@gmail.com,Doctor,1996-12-29
316,Layla,Tristram,Layla@gmail.com,Firefighter,1957-03-19
317,Myrtice,Dermott,Myrtice@gmail.com,Firefighter,2013-07-03
318,Lucille,Friede,Lucille@gmail.com,Police officer,1983-10-08
319,Gisela,Friede,Gisela@gmail.com,Police officer,2013-08-09
320,Sophia,Santoro,Sophia@gmail.com,Worker,2005-02-13
321,Cam,Monk,Cam@gmail.com,Firefighter,1955-02-20
322,Annice,Bryna,Annice@gmail.com,Police officer,1968-02-10
323,Brietta,Read,Brietta@gmail.com,Police officer,1958-09-03
324,Giustina,Markman,Giustina@gmail.com,Firefighter,1958-11-20
325,Annora,Azeria,Annora@gmail.com,Doctor,1998-01-27
326,Jasmina,Jarib,Jasmina@gmail.com,Developer,1975-02-15
327,Nessie,Winnick,Nessie@gmail.com,Developer,2004-07-02
328,Willetta,Allare,Willetta@gmail.com,Firefighter,1960-10-18
329,Minda,Olnee,Minda@gmail.com,Doctor,1986-02-06
330,Sherrie,Faro,Sherrie@gmail.com,Worker,1955-02-25
331,Melodie,Heidt,Melodie@gmail.com,Worker,2015-05-08
332,Cathie,Joeann,Cathie@gmail.com,Firefighter,2002-02-27
333,Ashlee,Blisse,Ashlee@gmail.com,Firefighter,1982-02-26
334,Heddie,Suzetta,Heddie@gmail.com,Developer,1990-06-29
335,Camile,Edvard,Camile@gmail.com,Worker,1996-06-19
336,Vivia,Stelle,Vivia@gmail.com,Developer,1951-03-28
337,Nelle,Mullane,Nelle@gmail.com,Firefighter,1950-09-25
338,Queenie,Berriman,Queenie@gmail.com,Worker,1990-02-04
339,Drucie,Khorma,Drucie@gmail.com,Firefighter,1975-01-11
340,Sabina,Pip,Sabina@gmail.com,Police officer,2004-04-10
341,Fernande,Grobe,Fernande@gmail.com,Developer,2005-10-11
342,Ethel,Bethany,Ethel@gmail.com,Doctor,1971-12-23
343,Blinni,Phaidra,Blinni@gmail.com,Developer,2004-12-06
344,Clo,Eachern,Clo@gmail.com,Developer,1970-08-30
345,Robinia,Forrer,Robinia@gmail.com,Doctor,2006-08-04
346,Amara,Freddi,Amara@gmail.com,Firefighter,2003-08-09
347,Meg,Rustice,Meg@gmail.com,Worker,1970-02-22
348,Kara-Lynn,Soneson,Kara-Lynn@gmail.com,Police officer,1986-03-29
349,Carmencita,Gert,Carmencita@gmail.com,Developer,1997-07-16
350,Edith,Birdella,Edith@gmail.com,Firefighter,1964-03-01
351,Christy,Dominy,Christy@gmail.com,Doctor,1955-09-16
352,Joeann,Krystle,Joeann@gmail.com,Worker,1984-02-04
353,Mathilda,Melan,Mathilda@gmail.com,Police officer,1993-10-01
354,Teddie,Madox,Teddie@gmail.com,Firefighter,2000-02-18
355,Frances,Trace,Frances@gmail.com,Doctor,1955-08-07
356,Gerianna,Rosemary,Gerianna@gmail.com,Developer,2006-10-09
357,Kirbee,Adore,Kirbee@gmail.com,Firefighter,1976-07-16
358,Harmonia,Stanwood,Harmonia@gmail.com,Doctor,2015-06-09
359,Dari,Oscar,Dari@gmail.com,Doctor,1976-03-29
360,Dominga,Vittoria,Dominga@gmail.com,Developer,1981-04-22
361,Kelly,Ricarda,Kelly@gmail.com,Worker,1951-12-17
362,Gabi,Barbey,Gabi@gmail.com,Firefighter,1996-10-14
363,Adelle,Margret,Adelle@gmail.com,Doctor,1985-12-14
364,Brena,Ricarda,Brena@gmail.com,Doctor,1968-08-24
365,Mara,Glovsky,Mara@gmail.com,Firefighter,1972-06-30
366,Oona,Remmer,Oona@gmail.com,Firefighter,1973-02-16
367,Donetta,Fairweather,Donetta@gmail.com,Developer,2016-01-01
368,Fernande,Dimitris,Fernande@gmail.com,Developer,1990-10-01
369,Rayna,Nicoline,Rayna@gmail.com,Doctor,1987-04-21
370,Silvana,Concha,Silvana@gmail.com,Firefighter,1971-08-19
371,Ofilia,Colleen,Ofilia@gmail.com,Doctor,1970-05-07
372,Tierney,Connelly,Tierney@gmail.com,Doctor,1955-04-03
373,Agnese,Garek,Agnese@gmail.com,Firefighter,2001-10-14
374,Phedra,Merriott,Phedra@gmail.com,Doctor,1964-10-04
375,Berta,Read,Berta@gmail.com,Police officer,1950-10-16
376,Silvana,Sholley,Silvana@gmail.com,Developer,2000-02-06
377,Cyndie,Jerold,Cyndie@gmail.com,Developer,1965-10-24
378,Blondelle,Lymann,Blondelle@gmail.com,Doctor,1983-06-07
379,Tarra,Margarete,Tarra@gmail.com,Developer,1981-03-13
380,Arlina,Xerxes,Arlina@gmail.com,Doctor,1967-02-02
381,Consuela,Hollingsworth,Consuela@gmail.com,Doctor,2008-01-26
382,Peri,Andrel,Peri@gmail.com,Firefighter,1956-06-16
383,Queenie,Belldas,Queenie@gmail.com,Firefighter,2006-11-18
384,Tamqrah,Durware,Tamqrah@gmail.com,Doctor,1994-08-08
385,Consuela,Lindemann,Consuela@gmail.com,Police officer,2001-05-03
386,Carmencita,Lucienne,Carmencita@gmail.com,Doctor,1983-01-03
387,Felice,Kamaria,Felice@gmail.com,Developer,1996-12-07
388,Lynea,Greyson,Lynea@gmail.com,Developer,2019-05-31
389,Wendi,Tillford,Wendi@gmail.com,Worker,1987-05-14
390,Courtnay,Madox,Courtnay@gmail.com,Firefighter,1956-01-10
391,Dione,Burch,Dione@gmail.com,Worker,1963-07-30
392,Valeda,Levey,Valeda@gmail.com,Police officer,1993-08-12
393,Flo,Duwalt,Flo@gmail.com,Firefighter,1964-05-03
394,Beatriz,My,Beatriz@gmail.com,Firefighter,2009-02-26
395,Cam,Cath,Cam@gmail.com,Police officer,2012-07-25
396,Vevay,Weaks,Vevay@gmail.com,Police officer,1988-10-05
397,Anestassia,Roxanna,Anestassia@gmail.com,Doctor,1989-01-16
398,Caressa,Killigrew,Caressa@gmail.com,Doctor,1961-10-03
399,Annora,Suzetta,Annora@gmail.com,Firefighter,2019-08-09
400,Deirdre,Wind,Deirdre@gmail.com,Developer,1984-02-18
401,Feliza,Killigrew,Feliza@gmail.com,Police officer,2010-11-01
402,Tamqrah,Cullin,Tamqrah@gmail.com,Doctor,2019-10-31
403,Carly,Eiser,Carly@gmail.com,Worker,1974-01-18
404,Madalyn,Pascia,Madalyn@gmail.com,Developer,2004-09-29
405,Aigneis,Shuler,Aigneis@gmail.com,Firefighter,2006-11-06
406,Charlena,Alejoa,Charlena@gmail.com,Firefighter,1953-01-03
407,Asia,Donell,Asia@gmail.com,Police officer,1961-02-05
408,Raf,Germann,Raf@gmail.com,Doctor,1997-12-01
409,Katleen,Alrich,Katleen@gmail.com,Worker,1963-09-18
410,Mireielle,Brandice,Mireielle@gmail.com,Worker,1961-01-20
411,Desirae,Brunell,Desirae@gmail.com,Firefighter,2010-06-30
412,Lorie,Myrilla,Lorie@gmail.com,Police officer,2011-10-26
413,Joeann,Pyle,Joeann@gmail.com,Police officer,1978-05-06
414,Cassandra,Frodi,Cassandra@gmail.com,Doctor,1955-02-12
415,Donetta,Florina,Donetta@gmail.com,Worker,1988-01-18
416,Shauna,Tristram,Shauna@gmail.com,Doctor,1958-01-01
417,Stephanie,Roscoe,Stephanie@gmail.com,Developer,2009-05-11
418,Cassandra,Yoko,Cassandra@gmail.com,Doctor,1988-03-12
419,Mathilda,Kermit,Mathilda@gmail.com,Doctor,1997-02-06
420,Peri,Dielu,Peri@gmail.com,Worker,1988-12-05
421,Aigneis,Cullin,Aigneis@gmail.com,Police officer,2018-06-22
422,Janey,Hepsibah,Janey@gmail.com,Firefighter,1987-04-10
423,Flo,Granoff,Flo@gmail.com,Worker,1958-05-01
424,Marita,Annice,Marita@gmail.com,Doctor,1957-04-02
425,Lily,Roche,Lily@gmail.com,Doctor,2009-10-15
426,Ayn,McNully,Ayn@gmail.com,Worker,1993-09-27
427,Hannis,Dawkins,Hannis@gmail.com,Worker,1954-12-23
428,Tera,Buckler,Tera@gmail.com,Developer,1974-08-15
429,Ninnetta,Terrence,Ninnetta@gmail.com,Police officer,1983-08-09
430,Agathe,Moseley,Agathe@gmail.com,Firefighter,2019-11-27
431,Karolina,Evangelia,Karolina@gmail.com,Firefighter,1976-03-08
432,Siana,Bergman,Siana@gmail.com,Police officer,1955-04-23
433,Fayre,Rurik,Fayre@gmail.com,Firefighter,2003-10-28
434,Peri,Mauer,Peri@gmail.com,Firefighter,1985-01-26
435,Kimmy,Jammal,Kimmy@gmail.com,Developer,1982-04-12
436,Theodora,Ahab,Theodora@gmail.com,Developer,1957-11-06
437,Zia,Glenden,Zia@gmail.com,Firefighter,1966-02-07
438,Kylynn,Orpah,Kylynn@gmail.com,Police officer,1990-10-15
439,Eve,Bennie,Eve@gmail.com,Firefighter,2018-02-27
440,Roseline,Audly,Roseline@gmail.com,Police officer,2014-10-20
441,Molli,Narton,Molli@gmail.com,Worker,1978-05-15
442,Karena,Giule,Karena@gmail.com,Doctor,1960-10-13
443,Sindee,Regan,Sindee@gmail.com,Firefighter,1982-05-04
444,Maurene,Medrek,Maurene@gmail.com,Worker,1950-04-23
445,Marti,Gabrielli,Marti@gmail.com,Firefighter,2002-03-21
446,Fayre,Norrie,Fayre@gmail.com,Police officer,1972-12-13
447,Adelle,Marcellus,Adelle@gmail.com,Developer,1960-05-25
448,Maisey,Gaal,Maisey@gmail.com,Developer,1991-10-17
449,Sibella,Astra,Sibella@gmail.com,Developer,2015-08-09
450,Tierney,Sinegold,Tierney@gmail.com,Police officer,1998-09-27
451,Shaylyn,Jaylene,Shaylyn@gmail.com,Worker,1952-04-06
452,Kalina,Frodi,Kalina@gmail.com,Doctor,1963-01-13
453,Drucie,Strephon,Drucie@gmail.com,Developer,1983-12-25
454,Janenna,Garek,Janenna@gmail.com,Police officer,1993-02-12
455,Zia,Jobi,Zia@gmail.com,Developer,2015-03-13
456,Dorice,Miru,Dorice@gmail.com,Firefighter,1980-01-22
457,Caressa,Helfand,Caressa@gmail.com,Doctor,2016-10-14
458,Gusty,Janene,Gusty@gmail.com,Worker,2014-10-23
459,Maryellen,Clara,Maryellen@gmail.com,Worker,1955-05-16
460,Elsie,Sherrie,Elsie@gmail.com,Developer,1976-05-08
461,Leontine,Leary,Leontine@gmail.com,Developer,2000-12-23
462,Britte,Federica,Britte@gmail.com,Firefighter,1975-04-08
463,Patricia,Gualtiero,Patricia@gmail.com,Developer,2000-12-23
464,Orelia,Ralfston,Orelia@gmail.com,Firefighter,2017-08-06
465,Pollyanna,Morehouse,Pollyanna@gmail.com,Developer,2000-04-10
466,Kimberley,Allina,Kimberley@gmail.com,Developer,1979-10-16
467,Elise,O'Rourke,Elise@gmail.com,Developer,1967-02-12
468,Korrie,Sabella,Korrie@gmail.com,Worker,1959-08-26
469,Frances,Sophronia,Frances@gmail.com,Police officer,1996-02-24
470,Rosanne,Crudden,Rosanne@gmail.com,Doctor,1983-08-20
471,Jemie,Caitlin,Jemie@gmail.com,Developer,2016-02-20
472,Rosene,Colp,Rosene@gmail.com,Worker,1995-12-28
473,Catharine,Leler,Catharine@gmail.com,Doctor,1985-07-03
474,Sara-Ann,Jotham,Sara-Ann@gmail.com,Firefighter,1978-01-16
475,Sandie,Allare,Sandie@gmail.com,Worker,1950-10-17
476,Rosabelle,Joachim,Rosabelle@gmail.com,Doctor,1965-04-09
477,Gusella,Elsinore,Gusella@gmail.com,Worker,1950-05-31
478,Tierney,Irmine,Tierney@gmail.com,Firefighter,1966-09-22
479,Evaleen,Creamer,Evaleen@gmail.com,Worker,2011-04-02
480,Kirbee,Marisa,Kirbee@gmail.com,Firefighter,1983-11-19
481,Netty,Lory,Netty@gmail.com,Developer,1967-04-21
482,Kaja,Cookie,Kaja@gmail.com,Developer,1989-01-02
483,Zondra,Vorster,Zondra@gmail.com,Worker,1951-12-09
484,Binny,Douglass,Binny@gmail.com,Worker,1998-11-28
485,Lucy,Rosemary,Lucy@gmail.com,Doctor,1997-01-31
486,Nerta,Cornelia,Nerta@gmail.com,Worker,2010-03-08
487,Tobe,Grimbly,Tobe@gmail.com,Police officer,1974-08-07
488,Karlee,Merriott,Karlee@gmail.com,Firefighter,1988-06-06
489,Helsa,Mallon,Helsa@gmail.com,Firefighter,1995-08-09
490,Shell,Rheingold,Shell@gmail.com,Police officer,1996-09-07
491,Elora,Simmonds,Elora@gmail.com,Doctor,1950-06-05
492,Etta,Poppy,Etta@gmail.com,Developer,1997-06-17
493,Aigneis,Norvol,Aigneis@gmail.com,Police officer,2007-06-27
494,Noelle,Crudden,Noelle@gmail.com,Firefighter,1988-12-27
495,Gale,Granoff,Gale@gmail.com,Firefighter,1988-03-28
496,Jessamyn,Corilla,Jessamyn@gmail.com,Doctor,1995-09-22
497,Nannie,Zaslow,Nannie@gmail.com,Developer,1992-10-29
498,Iseabal,Reinke,Iseabal@gmail.com,Developer,1986-09-08
499,Elfreda,Hylan,Elfreda@gmail.com,Developer,1982-01-04
500,Sandie,Tayib,Sandie@gmail.com,Doctor,1997-12-21
501,Dulcinea,Grosz,Dulcinea@gmail.com,Developer,2013-08-22
502,Regina,Hamil,Regina@gmail.com,Developer,2003-12-08
503,Wynne,Jammal,Wynne@gmail.com,Police officer,1970-05-29
504,Riannon,Weide,Riannon@gmail.com,Doctor,1999-03-22
505,Nanete,Kat,Nanete@gmail.com,Firefighter,1969-12-01
506,Dotty,Yusuk,Dotty@gmail.com,Police officer,1959-10-31
507,Tori,Concha,Tori@gmail.com,Police officer,1962-05-10
508,Raf,Lucienne,Raf@gmail.com,Firefighter,1956-04-12
509,Gavrielle,Vivle,Gavrielle@gmail.com,Developer,1962-07-28
510,Donetta,Oneida,Donetta@gmail.com,Police officer,1973-04-22
511,Lory,Japeth,Lory@gmail.com,Doctor,1967-11-22
512,Anallese,Garek,Anallese@gmail.com,Police officer,1974-07-20
513,Taffy,Parsaye,Taffy@gmail.com,Police officer,1974-06-21
514,Merrie,Wilona,Merrie@gmail.com,Developer,1998-03-07
515,Sidoney,Leopold,Sidoney@gmail.com,Firefighter,1988-03-22
516,Maurene,Neils,Maurene@gmail.com,Firefighter,1967-10-19
517,Yetty,Persse,Yetty@gmail.com,Developer,1995-06-19
518,Gwenneth,Remmer,Gwenneth@gmail.com,Firefighter,2004-04-09
519,Willetta,Colbert,Willetta@gmail.com,Developer,1950-11-07
520,Helsa,Bohlin,Helsa@gmail.com,Firefighter,2017-05-24
521,Michaelina,Shirberg,Michaelina@gmail.com,Firefighter,1979-12-18
522,Nariko,Colbert,Nariko@gmail.com,Firefighter,1990-09-19
523,Blinni,McNully,Blinni@gmail.com,Firefighter,2015-12-03
524,Dorthy,Stevy,Dorthy@gmail.com,Developer,2010-07-22
525,Luci,Kinnard,Luci@gmail.com,Firefighter,2003-03-25
526,Albertina,Ramona,Albertina@gmail.com,Police officer,1978-08-31
527,Lauryn,Bouchard,Lauryn@gmail.com,Firefighter,2016-06-29
528,Cassandra,Casimir,Cassandra@gmail.com,Firefighter,2019-12-03
529,Karena,Shuler,Karena@gmail.com,Worker,1995-10-02
530,Desirae,Brandice,Desirae@gmail.com,Worker,2008-01-14
531,Dorothy,Liebermann,Dorothy@gmail.com,Developer,2010-06-19
532,Charmaine,Allare,Charmaine@gmail.com,Police officer,1951-12-23
533,Tersina,Wind,Tersina@gmail.com,Police officer,2001-12-08
534,Cherrita,Elephus,Cherrita@gmail.com,Doctor,1978-09-01
535,Jillayne,Ventre,Jillayne@gmail.com,Worker,1981-10-03
536,Raina,Atonsah,Raina@gmail.com,Worker,2006-05-04
537,Vivia,Randene,Vivia@gmail.com,Worker,1976-05-19
538,Rosabelle,Rurik,Rosabelle@gmail.com,Firefighter,1956-11-01
539,Rhoda,Aaberg,Rhoda@gmail.com,Developer,2019-06-26
540,Tani,Yorick,Tani@gmail.com,Worker,1954-01-27
541,Mellicent,Anestassia,Mellicent@gmail.com,Police officer,1995-12-24
542,Netty,Konyn,Netty@gmail.com,Firefighter,2010-04-06
543,Alleen,Stacy,Alleen@gmail.com,Developer,1959-08-02
544,Ellette,Letsou,Ellette@gmail.com,Doctor,2017-12-24
545,Wileen,Ledah,Wileen@gmail.com,Worker,1959-04-03
546,Millie,Adalbert,Millie@gmail.com,Police officer,1976-02-21
547,Tera,Newell,Tera@gmail.com,Developer,1983-02-12
548,Harmonia,Monaco,Harmonia@gmail.com,Firefighter,1979-12-29
549,Kenna,Philoo,Kenna@gmail.com,Worker,1973-03-12
550,Hyacinthe,Kussell,Hyacinthe@gmail.com,Developer,1952-05-07
551,Mamie,Vanni,Mamie@gmail.com,Worker,1968-01-14
552,Lucille,Rogerio,Lucille@gmail.com,Police officer,2013-06-03
553,Delilah,Dom,Delilah@gmail.com,Police officer,2005-12-09
554,Aurore,Chaing,Aurore@gmail.com,Developer,1958-08-17
555,Shaine,Ursulette,Shaine@gmail.com,Police officer,1979-08-25
556,Carmencita,Faro,Carmencita@gmail.com,Worker,1973-07-11
557,Daune,An,Daune@gmail.com,Developer,1969-10-16
558,Ofilia,Ovid,Ofilia@gmail.com,Worker,1989-07-05
559,Emylee,Wenda,Emylee@gmail.com,Doctor,1959-04-14
560,Robbi,Bertold,Robbi@gmail.com,Developer,1960-07-02
561,Amii,Hortensia,Amii@gmail.com,Doctor,1968-08-27
562,Neila,Velick,Neila@gmail.com,Police officer,1996-09-21
563,Raf,Dominy,Raf@gmail.com,Developer,2000-09-02
564,Lila,Raimondo,Lila@gmail.com,Doctor,2001-02-11
565,Melina,Sparhawk,Melina@gmail.com,Firefighter,1977-06-08
566,Celene,Malvino,Celene@gmail.com,Police officer,2019-08-14
567,Gale,Erskine,Gale@gmail.com,Police officer,1957-06-24
568,Sabina,Bandeen,Sabina@gmail.com,Firefighter,2013-01-17
569,Dominga,Fulmer,Dominga@gmail.com,Developer,1980-09-21
570,Renie,Sadowski,Renie@gmail.com,Firefighter,1992-04-19
571,Starla,Bergman,Starla@gmail.com,Doctor,1998-11-05
572,Courtnay,Sholley,Courtnay@gmail.com,Developer,1970-02-13
573,Sonni,Greyson,Sonni@gmail.com,Doctor,2001-10-21
574,Tiffie,Hamil,Tiffie@gmail.com,Police officer,1950-09-02
575,Tani,Joli,Tani@gmail.com,Firefighter,2013-07-26
576,Claresta,Melleta,Claresta@gmail.com,Developer,2007-10-06
577,Chandra,Nikaniki,Chandra@gmail.com,Firefighter,1957-04-15
578,Ann-Marie,Middleton,Ann-Marie@gmail.com,Developer,1975-12-24
579,Alex,Iiette,Alex@gmail.com,Developer,1997-05-21
580,Mallory,Iiette,Mallory@gmail.com,Firefighter,1995-02-18
581,Rosanne,Mehalek,Rosanne@gmail.com,Worker,2003-04-07
582,Andeee,Manolo,Andeee@gmail.com,Worker,1978-09-24
583,Sonni,Radu,Sonni@gmail.com,Doctor,1951-01-05
584,Ana,Lorenz,Ana@gmail.com,Firefighter,2006-09-13
585,Meghann,Hepsibah,Meghann@gmail.com,Police officer,1992-01-15
586,Tracey,Keily,Tracey@gmail.com,Doctor,2001-05-11
587,Janeczka,Ranjiv,Janeczka@gmail.com,Developer,1961-05-24
588,Zia,Quinn,Zia@gmail.com,Firefighter,1997-09-29
589,Adore,Fredi,Adore@gmail.com,Police officer,1968-02-11
590,Tina,Dahlia,Tina@gmail.com,Police officer,1973-01-06
591,Belva,Nance,Belva@gmail.com,Worker,2014-02-11
592,Kenna,Fax,Kenna@gmail.com,Developer,1992-06-16
593,Cyndie,Drus,Cyndie@gmail.com,Worker,2017-08-30
594,Joy,Myrilla,Joy@gmail.com,Doctor,2018-11-18
595,Raquela,Blisse,Raquela@gmail.com,Doctor,2018-06-27
596,Kirstin,Gahl,Kirstin@gmail.com,Worker,1958-03-14
597,Olwen,Wattenberg,Olwen@gmail.com,Worker,1952-08-16
598,Celestyna,Alejoa,Celestyna@gmail.com,Firefighter,1974-01-18
599,Max,Gwenore,Max@gmail.com,Developer,2004-02-02
600,Joelly,Christal,Joelly@gmail.com,Firefighter,1980-03-09
601,Valeda,Miru,Valeda@gmail.com,Doctor,1960-07-01
602,Sheree,Izaak,Sheree@gmail.com,Police officer,1994-09-07
603,Malina,Romelda,Malina@gmail.com,Developer,1999-09-21
604,Dione,Orpah,Dione@gmail.com,Doctor,1962-09-09
605,Katleen,Concha,Katleen@gmail.com,Firefighter,2015-03-04
606,Perry,Grobe,Perry@gmail.com,Worker,1971-05-29
607,Consuela,Gower,Consuela@gmail.com,Developer,2005-04-07
608,Pierette,Bigner,Pierette@gmail.com,Doctor,1965-07-15
609,Marti,Talia,Marti@gmail.com,Firefighter,1966-12-16
610,Sindee,Rustice,Sindee@gmail.com,Police officer,1972-05-13
611,Sashenka,Toor,Sashenka@gmail.com,Firefighter,1981-07-19
612,Charmaine,August,Charmaine@gmail.com,Worker,1985-09-02
613,Ermengarde,Christine,Ermengarde@gmail.com,Developer,1983-11-15
614,Harrietta,Viddah,Harrietta@gmail.com,Worker,2009-07-23
615,Janeczka,Pascia,Janeczka@gmail.com,Police officer,1970-06-09
616,Britni,Daveta,Britni@gmail.com,Police officer,1953-06-13
617,Doro,Morehouse,Doro@gmail.com,Developer,1956-04-28
618,Reeba,Natica,Reeba@gmail.com,Developer,1988-06-07
619,Livvyy,Shanley,Livvyy@gmail.com,Worker,1968-04-03
620,Dorthy,Viddah,Dorthy@gmail.com,Police officer,1958-06-05
621,Max,Leler,Max@gmail.com,Firefighter,1961-11-20
622,Annabela,Beniamino,Annabela@gmail.com,Firefighter,1975-05-23
623,Tracey,Catie,Tracey@gmail.com,Worker,1950-02-21
624,Dede,Krystle,Dede@gmail.com,Worker,2001-09-20
625,Heddie,Vernier,Heddie@gmail.com,Doctor,1966-11-08
626,Drucie,Haymes,Drucie@gmail.com,Developer,1998-06-25
627,Perry,Cristi,Perry@gmail.com,Police officer,1957-10-07
628,Dawn,Jarib,Dawn@gmail.com,Developer,2015-06-28
629,Genevra,Pyle,Genevra@gmail.com,Developer,1963-10-18
630,Cecile,Iphlgenia,Cecile@gmail.com,Firefighter,1979-08-23
631,Aili,Boycey,Aili@gmail.com,Doctor,2002-10-21
632,Renie,Reinke,Renie@gmail.com,Doctor,1964-11-09
633,Cecile,Izaak,Cecile@gmail.com,Worker,2009-04-03
634,Carolina,Byrne,Carolina@gmail.com,Developer,2005-11-18
635,Kristan,Pyle,Kristan@gmail.com,Worker,2013-09-16
636,Lacie,Donoghue,Lacie@gmail.com,Firefighter,1987-12-12
637,Fanchon,Valoniah,Fanchon@gmail.com,Police officer,1958-07-02
638,Bobbi,Roxanna,Bobbi@gmail.com,Developer,1995-10-06
639,Amelia,Thad,Amelia@gmail.com,Doctor,1988-06-29
640,Kirstin,Muriel,Kirstin@gmail.com,Developer,1973-04-18
641,Natka,Socha,Natka@gmail.com,Developer,1973-02-01
642,Katuscha,Denis,Katuscha@gmail.com,Developer,2006-08-07
643,Kellen,Pandolfi,Kellen@gmail.com,Doctor,2016-01-30
644,Chandra,Timon,Chandra@gmail.com,Doctor,1982-10-03
645,Claresta,Kesley,Claresta@gmail.com,Police officer,1955-07-28
646,Melisent,Cecile,Melisent@gmail.com,Firefighter,1987-10-08
647,Di,Gordon,Di@gmail.com,Worker,1977-08-24
648,Nicoli,Lorain,Nicoli@gmail.com,Doctor,1956-12-01
649,Adele,Luhe,Adele@gmail.com,Doctor,2005-06-15
650,Elsie,Reinke,Elsie@gmail.com,Worker,1973-07-05
651,Mureil,Gale,Mureil@gmail.com,Doctor,2012-08-25
652,Jenilee,Suk,Jenilee@gmail.com,Firefighter,2015-12-30
653,Sashenka,Pond,Sashenka@gmail.com,Doctor,1975-10-02
654,Robinia,Haerr,Robinia@gmail.com,Developer,2018-09-27
655,Carree,Simmonds,Carree@gmail.com,Developer,1988-05-31
656,Catharine,Miru,Catharine@gmail.com,Worker,1985-05-08
657,Harrietta,Gualtiero,Harrietta@gmail.com,Police officer,1981-09-05
658,Chrystel,Lanita,Chrystel@gmail.com,Firefighter,1997-04-18
659,Shannah,Kevon,Shannah@gmail.com,Police officer,2019-04-23
660,Kimberley,Keily,Kimberley@gmail.com,Worker,1987-11-21
661,Vanessa,Raul,Vanessa@gmail.com,Doctor,1959-01-29
662,Fredericka,Iaverne,Fredericka@gmail.com,Police officer,2018-06-22
663,Blinni,Si,Blinni@gmail.com,Firefighter,1999-07-03
664,Yvonne,Rheingold,Yvonne@gmail.com,Worker,1998-08-21
665,Jaclyn,Ciapas,Jaclyn@gmail.com,Worker,2017-04-17
666,Blake,Goerke,Blake@gmail.com,Developer,2004-09-08
667,Kaia,Means,Kaia@gmail.com,Firefighter,2002-10-09
668,Nonnah,MacIntosh,Nonnah@gmail.com,Police officer,2012-02-09
669,Millie,Posner,Millie@gmail.com,Worker,1954-04-19
670,Gusty,Diann,Gusty@gmail.com,Firefighter,1979-04-26
671,Lyssa,Aaberg,Lyssa@gmail.com,Worker,2009-05-26
672,Renae,Loeb,Renae@gmail.com,Developer,1998-06-25
673,Correy,Grosz,Correy@gmail.com,Developer,1983-08-22
674,Leeanne,Dawkins,Leeanne@gmail.com,Developer,1981-01-20
675,Annaliese,Laurianne,Annaliese@gmail.com,Police officer,2009-10-19
676,Florencia,Felizio,Florencia@gmail.com,Worker,1992-08-02
677,Elbertina,Angelis,Elbertina@gmail.com,Worker,1979-06-08
678,Hannis,Margret,Hannis@gmail.com,Police officer,1993-06-02
679,Cordi,Mitzi,Cordi@gmail.com,Developer,1992-10-15
680,Mathilda,Valoniah,Mathilda@gmail.com,Doctor,2014-10-20
681,Konstance,Kamaria,Konstance@gmail.com,Doctor,1951-11-01
682,Nikki,Center,Nikki@gmail.com,Firefighter,1955-02-25
683,Brianna,Morgun,Brianna@gmail.com,Firefighter,2007-04-10
684,Miquela,Jacinda,Miquela@gmail.com,Police officer,2012-01-22
685,Bobinette,Medrek,Bobinette@gmail.com,Police officer,2003-03-17
686,Lauryn,Girardo,Lauryn@gmail.com,Police officer,1955-02-19
687,Tina,Cimbura,Tina@gmail.com,Police officer,1984-06-23
688,Debee,Gaspard,Debee@gmail.com,Firefighter,1999-05-09
689,Letizia,Woodberry,Letizia@gmail.com,Firefighter,1952-04-12
690,Josephine,Delacourt,Josephine@gmail.com,Worker,2015-06-02
691,Farrah,Gherardo,Farrah@gmail.com,Police officer,1979-08-29
692,Kayla,Radu,Kayla@gmail.com,Doctor,2005-11-13
693,Annice,Cath,Annice@gmail.com,Developer,1967-10-18
694,Devina,Skell,Devina@gmail.com,Developer,1980-09-14
695,Tami,Alfons,Tami@gmail.com,Doctor,1960-04-04
696,Kamilah,Leler,Kamilah@gmail.com,Police officer,2004-06-06
697,Modestia,Cressida,Modestia@gmail.com,Developer,1955-11-07
698,Tabbatha,Seumas,Tabbatha@gmail.com,Doctor,1999-01-10
699,Anestassia,Brotherson,Anestassia@gmail.com,Doctor,1967-04-29
700,Peri,Ariella,Peri@gmail.com,Police officer,2009-03-31
701,Caressa,Jacobah,Caressa@gmail.com,Worker,1989-12-18
702,Tani,Oster,Tani@gmail.com,Developer,1997-01-20
703,Chrystel,Joachim,Chrystel@gmail.com,Police officer,1975-08-02
704,Jsandye,Percy,Jsandye@gmail.com,Doctor,1951-09-30
705,Maye,Seagraves,Maye@gmail.com,Doctor,1961-02-16
706,Louella,Henrie,Louella@gmail.com,Worker,2003-05-03
707,Sheelagh,Laverne,Sheelagh@gmail.com,Police officer,1998-10-08
708,Kylynn,Arvo,Kylynn@gmail.com,Worker,1976-12-14
709,Sophia,Dorcy,Sophia@gmail.com,Firefighter,1998-10-17
710,Catrina,Imelida,Catrina@gmail.com,Police officer,1972-10-14
711,Dagmar,Kimmie,Dagmar@gmail.com,Doctor,2008-06-17
712,Hayley,Edee,Hayley@gmail.com,Doctor,2004-05-03
713,Natka,Georgy,Natka@gmail.com,Police officer,1982-06-16
714,Lynde,Jaylene,Lynde@gmail.com,Police officer,1951-05-27
715,Lorne,Kermit,Lorne@gmail.com,Developer,1964-09-24
716,Stacey,Arley,Stacey@gmail.com,Developer,2016-09-05
717,Coral,Gemini,Coral@gmail.com,Worker,1963-03-04
718,Rozele,Junie,Rozele@gmail.com,Developer,2011-11-11
719,Elora,Rossner,Elora@gmail.com,Worker,1983-09-04
720,Carlie,Weide,Carlie@gmail.com,Developer,1952-12-16
721,Lynnea,Japeth,Lynnea@gmail.com,Worker,1982-05-06
722,Clary,Sholley,Clary@gmail.com,Police officer,1987-08-11
723,Kamilah,Tound,Kamilah@gmail.com,Developer,1989-04-10
724,Dagmar,Wooster,Dagmar@gmail.com,Doctor,1970-09-17
725,Verla,Percy,Verla@gmail.com,Firefighter,1983-10-05
726,Darlleen,Dom,Darlleen@gmail.com,Developer,2002-05-08
727,Janis,Posner,Janis@gmail.com,Developer,1981-05-13
728,Emylee,Justinn,Emylee@gmail.com,Firefighter,1969-10-13
729,Correy,Yoko,Correy@gmail.com,Firefighter,1986-09-08
730,Rayna,Adrienne,Rayna@gmail.com,Firefighter,1953-02-24
731,Karina,Bearnard,Karina@gmail.com,Developer,1985-06-22
732,Minne,Wenoa,Minne@gmail.com,Police officer,1969-09-25
733,Micheline,Mehalek,Micheline@gmail.com,Doctor,2010-12-05
734,Jerry,Gregrory,Jerry@gmail.com,Police officer,2007-04-16
735,Lanna,Sherfield,Lanna@gmail.com,Worker,1973-12-17
736,Florie,Henrie,Florie@gmail.com,Firefighter,1953-05-20
737,Lacie,Ochs,Lacie@gmail.com,Worker,1973-07-13
738,Shandie,Vivle,Shandie@gmail.com,Worker,2011-05-21
739,Karly,Hylan,Karly@gmail.com,Firefighter,1987-12-11
740,Briney,Sibyls,Briney@gmail.com,Worker,1960-04-27
741,Ulrike,Robertson,Ulrike@gmail.com,Firefighter,1974-07-27
742,Jessamyn,Santoro,Jessamyn@gmail.com,Developer,1981-11-03
743,Priscilla,Manolo,Priscilla@gmail.com,Firefighter,1955-07-02
744,Josephine,Adrienne,Josephine@gmail.com,Worker,1993-01-18
745,Brena,Mott,Brena@gmail.com,Developer,1955-02-24
746,Loree,Levey,Loree@gmail.com,Worker,1988-05-11
747,Marleah,Lemuela,Marleah@gmail.com,Doctor,1965-03-09
748,Annabela,Tremayne,Annabela@gmail.com,Police officer,1976-09-22
749,Henriette,Bouchard,Henriette@gmail.com,Doctor,1998-02-10
750,Lexine,Eno,Lexine@gmail.com,Doctor,2003-09-14
751,Glenda,Yoko,Glenda@gmail.com,Developer,2012-03-02
752,Jordan,Brieta,Jordan@gmail.com,Worker,1969-09-24
753,Madeleine,Jess,Madeleine@gmail.com,Police officer,1970-09-02
754,Kathi,Desai,Kathi@gmail.com,Developer,1968-12-11
755,Carmencita,Nedrud,Carmencita@gmail.com,Developer,1950-11-11
756,Margalo,Sandye,Margalo@gmail.com,Developer,1972-01-06
757,Mallory,Ochs,Mallory@gmail.com,Firefighter,1957-10-21
758,Harrietta,Sadowski,Harrietta@gmail.com,Firefighter,1977-08-14
759,Jemie,Ammann,Jemie@gmail.com,Doctor,1981-08-28
760,Vevay,Shaver,Vevay@gmail.com,Developer,1963-10-06
761,Kimmy,Ferino,Kimmy@gmail.com,Doctor,2006-04-08
762,Wendi,Maxi,Wendi@gmail.com,Worker,1953-08-08
763,Farrah,Izaak,Farrah@gmail.com,Firefighter,2011-12-18
764,Hallie,Seumas,Hallie@gmail.com,Firefighter,2018-09-10
765,Felice,Pitt,Felice@gmail.com,Police officer,1996-11-12
766,Paule,Chabot,Paule@gmail.com,Firefighter,1972-12-13
767,Sam,Moseley,Sam@gmail.com,Worker,1983-05-04
768,Christal,Johanna,Christal@gmail.com,Worker,1987-08-28
769,Cyndie,Maiah,Cyndie@gmail.com,Police officer,1962-09-20
770,Gwyneth,Malanie,Gwyneth@gmail.com,Police officer,1991-11-04
771,Charissa,Jefferey,Charissa@gmail.com,Police officer,1958-12-27
772,Cristine,Cleavland,Cristine@gmail.com,Police officer,1954-05-17
773,Florie,Olnee,Florie@gmail.com,Police officer,1978-05-27
774,Wanda,Hebner,Wanda@gmail.com,Developer,1964-12-23
775,Jean,Teddman,Jean@gmail.com,Developer,1979-04-08
776,Jolyn,Alcott,Jolyn@gmail.com,Police officer,1958-12-18
777,Helena,Nance,Helena@gmail.com,Firefighter,1951-10-01
778,Shauna,Klotz,Shauna@gmail.com,Police officer,1954-11-28
779,Arlena,Korey,Arlena@gmail.com,Firefighter,1992-09-30
780,Asia,Darian,Asia@gmail.com,Worker,1988-05-31
781,Romona,Chem,Romona@gmail.com,Developer,1975-06-04
782,Jolyn,Laverne,Jolyn@gmail.com,Worker,2010-08-03
783,Pearline,Curren,Pearline@gmail.com,Police officer,2019-06-29
784,Aimil,Kesley,Aimil@gmail.com,Developer,1988-08-24
785,Janis,Bow,Janis@gmail.com,Doctor,1970-04-02
786,Ilse,Thilda,Ilse@gmail.com,Worker,2005-12-10
787,Kathi,Slifka,Kathi@gmail.com,Police officer,1990-11-05
788,Chandra,Ader,Chandra@gmail.com,Firefighter,1969-08-22
789,Maye,Gavrila,Maye@gmail.com,Worker,1989-07-21
790,Winifred,Dermott,Winifred@gmail.com,Doctor,1955-09-22
791,Winifred,Grosz,Winifred@gmail.com,Worker,1986-04-20
792,Agathe,Odell,Agathe@gmail.com,Developer,1962-11-22
793,Bobbi,Brieta,Bobbi@gmail.com,Doctor,2008-12-30
794,Binny,Love,Binny@gmail.com,Worker,1978-03-09
795,Dede,Nea,Dede@gmail.com,Worker,1971-07-04
796,Lilith,Charity,Lilith@gmail.com,Developer,1953-11-01
797,Ann-Marie,Myrilla,Ann-Marie@gmail.com,Worker,1999-08-06
798,Mahalia,Gavrila,Mahalia@gmail.com,Firefighter,2000-10-17
799,Gilda,Kimmie,Gilda@gmail.com,Firefighter,1990-05-06
800,Peri,Revkah,Peri@gmail.com,Firefighter,2017-12-14
801,Aurore,Goode,Aurore@gmail.com,Doctor,1997-05-18
802,Netty,Angelis,Netty@gmail.com,Police officer,1973-04-25
803,Gretal,Maryanne,Gretal@gmail.com,Worker,1956-12-13
804,Ileana,Maiah,Ileana@gmail.com,Firefighter,1989-03-19
805,Alyda,Cleavland,Alyda@gmail.com,Doctor,1982-11-10
806,Rhea,Plato,Rhea@gmail.com,Police officer,1951-09-28
807,Annabela,Konyn,Annabela@gmail.com,Worker,1983-10-26
808,Sheelagh,Hashim,Sheelagh@gmail.com,Police officer,1955-10-03
809,Glynnis,Oster,Glynnis@gmail.com,Worker,1980-04-03
810,Mariele,Gerge,Mariele@gmail.com,Worker,1954-04-16
811,Natka,Kravits,Natka@gmail.com,Police officer,1977-07-25
812,Kore,Dearborn,Kore@gmail.com,Developer,2005-11-16
813,Jany,Trey,Jany@gmail.com,Worker,1964-12-28
814,Brena,Parsaye,Brena@gmail.com,Police officer,1958-07-27
815,Anallese,Mata,Anallese@gmail.com,Worker,1971-07-16
816,Bernardine,Anestassia,Bernardine@gmail.com,Doctor,2016-09-25
817,Britte,Koehler,Britte@gmail.com,Worker,1968-08-31
818,Basia,Etom,Basia@gmail.com,Developer,1987-12-19
819,Merle,Nelsen,Merle@gmail.com,Doctor,1955-05-23
820,Lacie,Tryck,Lacie@gmail.com,Police officer,2000-10-30
821,Jillayne,Sinegold,Jillayne@gmail.com,Developer,1988-12-24
822,Emylee,Thornburg,Emylee@gmail.com,Developer,1979-12-17
823,Johna,Hashim,Johna@gmail.com,Worker,1955-04-09
824,Shel,Carri,Shel@gmail.com,Police officer,1971-11-25
825,Darlleen,Imelida,Darlleen@gmail.com,Developer,1951-08-10
826,Millie,Damarra,Millie@gmail.com,Police officer,2003-10-10
827,Hettie,Tybald,Hettie@gmail.com,Doctor,2009-05-09
828,Emma,Ioab,Emma@gmail.com,Firefighter,1965-12-12
829,Eolanda,Delacourt,Eolanda@gmail.com,Doctor,1960-04-25
830,Carolina,Hubert,Carolina@gmail.com,Doctor,2007-07-14
831,Aryn,Rona,Aryn@gmail.com,Police officer,1974-07-08
832,Kimmy,Marijo,Kimmy@gmail.com,Police officer,1968-06-26
833,Nadine,Joli,Nadine@gmail.com,Firefighter,1997-05-08
834,Juliane,MacIntosh,Juliane@gmail.com,Police officer,1963-02-18
835,Jinny,Podvin,Jinny@gmail.com,Worker,2016-02-10
836,Leona,Deegan,Leona@gmail.com,Developer,2011-07-19
837,Annabela,Giule,Annabela@gmail.com,Doctor,1975-12-21
838,Maryellen,Chauncey,Maryellen@gmail.com,Doctor,1982-09-24
839,Robbi,Payson,Robbi@gmail.com,Firefighter,1954-12-16
840,Winifred,Gherardo,Winifred@gmail.com,Doctor,1970-01-24
841,Vevay,Isidore,Vevay@gmail.com,Doctor,1999-06-19
842,Nariko,Auberbach,Nariko@gmail.com,Police officer,2016-04-11
843,Jasmina,Voletta,Jasmina@gmail.com,Firefighter,1963-01-30
844,Alie,Linehan,Alie@gmail.com,Worker,1968-05-15
845,Gabriellia,Lilybelle,Gabriellia@gmail.com,Firefighter,1964-05-29
846,Kalina,Millda,Kalina@gmail.com,Firefighter,1973-05-03
847,Glynnis,Liva,Glynnis@gmail.com,Developer,1956-05-29
848,Amalie,Flyn,Amalie@gmail.com,Firefighter,1951-06-25
849,Ingrid,Charity,Ingrid@gmail.com,Worker,1972-09-23
850,Nessie,Abernon,Nessie@gmail.com,Police officer,1951-01-20
851,Alameda,Ethban,Alameda@gmail.com,Doctor,1954-05-25
852,Nonnah,Rustice,Nonnah@gmail.com,Doctor,1965-01-26
853,Sherrie,Sherfield,Sherrie@gmail.com,Worker,1986-10-08
854,Julieta,Atcliffe,Julieta@gmail.com,Police officer,1991-07-26
855,Karly,Bari,Karly@gmail.com,Police officer,1986-12-01
856,Gusella,Alva,Gusella@gmail.com,Doctor,1977-03-30
857,Mara,Felizio,Mara@gmail.com,Worker,1988-09-15
858,Sabina,Knowling,Sabina@gmail.com,Worker,1965-04-12
859,Mireielle,Joseph,Mireielle@gmail.com,Developer,1959-01-25
860,Joceline,Bohlin,Joceline@gmail.com,Firefighter,2005-04-28
861,Luci,Old,Luci@gmail.com,Worker,2008-04-14
862,Lusa,Revkah,Lusa@gmail.com,Firefighter,1996-01-14
863,Shell,Gusella,Shell@gmail.com,Firefighter,1982-08-01
864,Gerianna,Catie,Gerianna@gmail.com,Worker,1980-07-29
865,Sadie,Ietta,Sadie@gmail.com,Police officer,2006-08-15
866,Marcy,Socha,Marcy@gmail.com,Firefighter,1989-02-15
867,Lucille,Weitman,Lucille@gmail.com,Worker,1958-12-06
868,Ezmeralda,Valerio,Ezmeralda@gmail.com,Developer,2009-01-06
869,Dorene,Reinke,Dorene@gmail.com,Firefighter,2010-10-21
870,Fina,Edvard,Fina@gmail.com,Police officer,2011-07-13
871,Merrie,Darrell,Merrie@gmail.com,Doctor,2007-08-06
872,Karlee,Gillan,Karlee@gmail.com,Worker,1983-11-23
873,Concettina,Ovid,Concettina@gmail.com,Worker,2015-01-30
874,Joceline,Simmonds,Joceline@gmail.com,Doctor,1992-01-25
875,Nerta,Telfer,Nerta@gmail.com,Police officer,1971-05-12
876,Zsa Zsa,Mallon,Zsa Zsa@gmail.com,Firefighter,1971-10-29
877,Carmela,Merna,Carmela@gmail.com,Police officer,1959-06-23
878,Feliza,Tybald,Feliza@gmail.com,Police officer,1974-07-03
879,Sean,Lissi,Sean@gmail.com,Police officer,1974-04-06
880,Catharine,Isacco,Catharine@gmail.com,Firefighter,2005-01-30
881,Genovera,Behre,Genovera@gmail.com,Developer,1961-06-15
882,Leona,Fry,Leona@gmail.com,Developer,1954-04-10
883,Carmela,Bach,Carmela@gmail.com,Doctor,1976-12-04
884,Marti,Viddah,Marti@gmail.com,Police officer,1985-04-20
885,Edee,Stelle,Edee@gmail.com,Police officer,1991-09-19
886,Carmencita,Douglass,Carmencita@gmail.com,Doctor,1968-09-23
887,Ruthe,Lipson,Ruthe@gmail.com,Doctor,2007-05-08
888,Johna,Papageno,Johna@gmail.com,Firefighter,1965-12-14
889,Aimil,Blake,Aimil@gmail.com,Police officer,1963-05-06
890,Marsiella,Ludewig,Marsiella@gmail.com,Doctor,2010-02-23
891,Vonny,Hazlett,Vonny@gmail.com,Developer,1962-12-11
892,Mallory,Malina,Mallory@gmail.com,Worker,1958-03-01
893,Korrie,Hathaway,Korrie@gmail.com,Developer,2017-05-10
894,Amara,Nelsen,Amara@gmail.com,Police officer,1983-08-12
895,Johna,Kazimir,Johna@gmail.com,Police officer,1959-03-04
896,Consuela,Kimmie,Consuela@gmail.com,Firefighter,1972-04-24
897,Gale,Thunell,Gale@gmail.com,Police officer,1986-10-01
898,Kenna,Bertold,Kenna@gmail.com,Firefighter,2003-06-09
899,Kaia,Anastatius,Kaia@gmail.com,Developer,1990-10-28
900,Devina,Nisbet,Devina@gmail.com,Doctor,1968-11-28
901,Danika,Reneta,Danika@gmail.com,Developer,1992-07-13
902,Constance,Yerkovich,Constance@gmail.com,Worker,2015-06-29
903,Isa,Katrine,Isa@gmail.com,Firefighter,2005-06-14
904,Yolane,Rosalba,Yolane@gmail.com,Worker,1969-05-30
905,Adelle,Fredi,Adelle@gmail.com,Firefighter,1989-02-14
906,Desirae,Arley,Desirae@gmail.com,Worker,1962-10-09
907,Jenilee,Atcliffe,Jenilee@gmail.com,Police officer,1999-12-24
908,Jacenta,Cristi,Jacenta@gmail.com,Police officer,1992-05-06
909,Andeee,Sherrie,Andeee@gmail.com,Police officer,2008-08-02
910,Justinn,Joni,Justinn@gmail.com,Firefighter,1961-01-23
911,Lindie,Masao,Lindie@gmail.com,Police officer,1960-07-08
912,Augustine,Raseda,Augustine@gmail.com,Developer,1950-04-04
913,Alia,Diann,Alia@gmail.com,Firefighter,1964-03-13
914,Krystle,McGrody,Krystle@gmail.com,Police officer,1983-07-24
915,Stacey,Cimbura,Stacey@gmail.com,Firefighter,1950-09-29
916,Marika,Pillsbury,Marika@gmail.com,Police officer,1951-12-11
917,Lucy,Moseley,Lucy@gmail.com,Firefighter,1966-05-21
918,Gale,Infield,Gale@gmail.com,Worker,1951-11-22
919,Silvana,Madox,Silvana@gmail.com,Worker,1972-10-08
920,Marika,Ambrosia,Marika@gmail.com,Developer,1965-04-07
921,Daune,Goldina,Daune@gmail.com,Police officer,2006-08-05
922,Emilia,Wesle,Emilia@gmail.com,Firefighter,1961-09-22
923,Darci,Raimondo,Darci@gmail.com,Developer,1997-05-28
924,Anestassia,Ashely,Anestassia@gmail.com,Firefighter,1978-11-01
925,Valeda,Howlyn,Valeda@gmail.com,Worker,1995-11-29
926,Sherrie,Campball,Sherrie@gmail.com,Developer,1976-09-09
927,Paule,Blase,Paule@gmail.com,Police officer,1986-12-22
928,Dominga,Cloris,Dominga@gmail.com,Doctor,1977-06-25
929,Belva,Raychel,Belva@gmail.com,Police officer,1955-12-17
930,Gabriellia,Seumas,Gabriellia@gmail.com,Police officer,2011-10-12
931,Tierney,Dudley,Tierney@gmail.com,Police officer,2000-11-17
932,Cacilie,Lindemann,Cacilie@gmail.com,Doctor,1976-09-10
933,Andeee,Dudley,Andeee@gmail.com,Firefighter,1997-09-29
934,Siana,Desai,Siana@gmail.com,Developer,2014-01-19
935,Louella,Cecile,Louella@gmail.com,Firefighter,1998-06-02
936,Elena,Friede,Elena@gmail.com,Developer,1962-04-29
937,Lilith,Primalia,Lilith@gmail.com,Police officer,1964-08-17
938,Christal,Shields,Christal@gmail.com,Doctor,1990-10-16
939,Melanie,Read,Melanie@gmail.com,Firefighter,1968-08-29
940,Carmencita,Colbert,Carmencita@gmail.com,Firefighter,2010-08-14
941,Adore,Barney,Adore@gmail.com,Doctor,1969-02-17
942,Rayna,Arvo,Rayna@gmail.com,Firefighter,2019-05-24
943,Ricky,Clywd,Ricky@gmail.com,Developer,2011-04-28
944,Mathilda,Joni,Mathilda@gmail.com,Developer,1999-12-21
945,Micheline,Kiersten,Micheline@gmail.com,Doctor,1957-04-17
946,Madelle,Yate,Madelle@gmail.com,Developer,1960-08-18
947,Berget,Faro,Berget@gmail.com,Worker,1983-01-03
948,Harrietta,Ephrem,Harrietta@gmail.com,Doctor,1962-07-10
949,Tiffie,Kiersten,Tiffie@gmail.com,Firefighter,1950-06-24
950,Hettie,Tengdin,Hettie@gmail.com,Police officer,1959-08-25
951,Blake,Johnsson,Blake@gmail.com,Developer,2000-06-16
952,Sharai,Fitzsimmons,Sharai@gmail.com,Worker,1976-04-29
953,Harrietta,Koziara,Harrietta@gmail.com,Developer,1984-11-09
954,Cissiee,Kenwood,Cissiee@gmail.com,Firefighter,1955-06-07
955,Sherrie,Nahum,Sherrie@gmail.com,Firefighter,1994-05-15
956,Ekaterina,Nicoline,Ekaterina@gmail.com,Police officer,1963-12-09
957,Trudie,Chapland,Trudie@gmail.com,Developer,2010-05-19
958,Carlie,Maurine,Carlie@gmail.com,Police officer,1953-07-10
959,Queenie,Harriman,Queenie@gmail.com,Firefighter,1986-09-24
960,Clo,Aaberg,Clo@gmail.com,Firefighter,1964-08-10
961,Dale,Sabella,Dale@gmail.com,Developer,1980-07-09
962,Shauna,Juan,Shauna@gmail.com,Doctor,1998-05-16
963,Cindelyn,Ledah,Cindelyn@gmail.com,Firefighter,1966-08-04
964,Phedra,Leopold,Phedra@gmail.com,Developer,2000-04-27
965,Modestia,Fiann,Modestia@gmail.com,Worker,1994-07-30
966,Genovera,Pernick,Genovera@gmail.com,Doctor,2011-10-02
967,Daune,Doig,Daune@gmail.com,Worker,1970-05-04
968,Gratia,Oneida,Gratia@gmail.com,Worker,1971-10-31
969,Livvyy,McNully,Livvyy@gmail.com,Doctor,1981-05-23
970,Paola,Rosalba,Paola@gmail.com,Developer,1983-01-13
971,Gloria,Durware,Gloria@gmail.com,Worker,2013-11-18
972,Darci,Hillel,Darci@gmail.com,Doctor,2000-01-28
973,Ilse,Zina,Ilse@gmail.com,Firefighter,1978-12-17
974,Britte,Maples,Britte@gmail.com,Firefighter,1954-07-14
975,Yetty,Sheedy,Yetty@gmail.com,Doctor,1966-12-11
976,Gabriellia,Barney,Gabriellia@gmail.com,Doctor,2005-04-09
977,Rochette,Winthorpe,Rochette@gmail.com,Firefighter,1986-06-01
978,Claresta,Stacy,Claresta@gmail.com,Doctor,2002-06-04
979,Pierette,Merna,Pierette@gmail.com,Firefighter,1984-08-24
980,Codie,Chandler,Codie@gmail.com,Worker,1966-06-18
981,Adore,Poppy,Adore@gmail.com,Developer,1955-12-22
982,Chickie,Viddah,Chickie@gmail.com,Police officer,1950-10-19
983,Ira,Johnsson,Ira@gmail.com,Developer,1962-09-16
984,Gretal,Schlosser,Gretal@gmail.com,Police officer,2003-07-30
985,Silvana,Cherianne,Silvana@gmail.com,Firefighter,2005-07-10
986,Lorenza,Slifka,Lorenza@gmail.com,Developer,1990-12-28
987,Dania,Ralfston,Dania@gmail.com,Developer,1976-05-24
988,Clary,Zrike,Clary@gmail.com,Doctor,1950-07-03
989,Lonnie,Ries,Lonnie@gmail.com,Developer,1990-02-05
990,Gloria,Kellby,Gloria@gmail.com,Worker,1989-05-07
991,Kaja,Jess,Kaja@gmail.com,Developer,2002-05-13
992,Delilah,Kolnick,Delilah@gmail.com,Police officer,2012-12-16
993,Marika,Frendel,Marika@gmail.com,Developer,2008-02-10
994,Kimmy,Podvin,Kimmy@gmail.com,Doctor,1991-08-15
995,Misha,Quent,Misha@gmail.com,Worker,2002-09-26
996,Deane,Tjon,Deane@gmail.com,Police officer,1987-05-27
997,Laure,Roarke,Laure@gmail.com,Worker,1964-03-18
998,Siana,Vastah,Siana@gmail.com,Doctor,1976-01-19
999,Ana,Hebner,Ana@gmail.com,Developer,1966-10-20
1000,Fina,Ashely,Fina@gmail.com,Developer,1977-10-10